Bridgestone;B250;"Bridgestone B250 165/70 R13 79S   B ";646;646;TireShop
Bridgestone;B250;"Bridgestone B250 185/65 R13 84H   B ";692;692;TireShop
Bridgestone;B250;"Bridgestone B250 205/65 R15 94H   B ";1144;1144;TireShop
Bridgestone;"Blizzak DM-V1";"Bridgestone Blizzak DM-V1 215/65 R16 98R   B ";2268;2268;Newtires
Bridgestone;"Blizzak DM-V1";"Bridgestone Blizzak DM-V1 225/75 R16 104R   B ";2500;2500;"Z shina"
Bridgestone;"Blizzak DM-V1";"Bridgestone Blizzak DM-V1 235/55 R18 100R   B ";3150;3150;Õ —-13
Bridgestone;"Blizzak DM-V1";"Bridgestone Blizzak DM-V1 235/55 R18 100R   J ";3640;3640;TireShop
Bridgestone;"Blizzak DM-V1";"Bridgestone Blizzak DM-V1 255/45 R20 101R   B ";4999;4999;"Z shina"
Bridgestone;"Blizzak DM-V1";"Bridgestone Blizzak DM-V1 275/50 R22 111R   J ";5780;5780;TireShop
Bridgestone;"Blizzak DM-V1";"Bridgestone Blizzak DM-V1 275/60 R18 113R   J ";4060;4060;TireShop
Bridgestone;"Blizzak DM-V1";"Bridgestone Blizzak DM-V1 285/60 R18 116R   J ";4349;4349;TireShop
Bridgestone;"Blizzak DM-V2";"Bridgestone Blizzak DM-V2 225/65 R17 102S   B ";2999;2999;"Z shina"
Bridgestone;"Blizzak DM-V2";"Bridgestone Blizzak DM-V2 235/55 R19 105T   B ";4100;4100;"Z shina"
Bridgestone;"Blizzak DM-V2";"Bridgestone Blizzak DM-V2 235/60 R18 107S XL  B ";3800;3800;"Z shina"
Bridgestone;"Blizzak DM-V2";"Bridgestone Blizzak DM-V2 235/65 R18 106S   B ";3999;3999;"Z shina"
Bridgestone;"Blizzak LM-30";"Bridgestone Blizzak LM-30 225/55 R16 95H   F ";1571;1571;TireShop
Bridgestone;"Blizzak Revo 2";"Bridgestone Blizzak Revo 2 225/55 R16 95Q   B ";1850;1850;"Z shina"
Bridgestone;"Blizzak Revo GZ";"Bridgestone Blizzak Revo GZ 185/60 R15 84S   B ";1032;1032;Õ —-13
Bridgestone;"Blizzak Revo GZ";"Bridgestone Blizzak Revo GZ 185/65 R14 86S   B ";990;990;Õ —-13
Bridgestone;"Blizzak Revo GZ";"Bridgestone Blizzak Revo GZ 195/60 R15 88S   B ";1090;1090;Õ —-13
Bridgestone;"Blizzak Revo GZ";"Bridgestone Blizzak Revo GZ 215/55 R17 94S   B ";2484;2484;Õ —-13
Bridgestone;"Blizzak Revo GZ";"Bridgestone Blizzak Revo GZ 215/60 R16 95S   B ";2040;2040;Õ —-13
Bridgestone;"Blizzak Revo GZ";"Bridgestone Blizzak Revo GZ 225/50 R17 94S   B ";2832;2832;Õ —-13
Bridgestone;"Blizzak Revo GZ";"Bridgestone Blizzak Revo GZ 225/60 R16 98S   B ";2399;2399;Õ —-13
Bridgestone;"Blizzak VRX";"Bridgestone Blizzak VRX 195/65 R15 91S   B ";1122;1122;Õ —-13
Bridgestone;"Blizzak WS-60";"Bridgestone Blizzak WS-60 225/50 R16 92R   J ";606;606;TireShop
Bridgestone;"Dueler H/L 400";"Bridgestone Dueler H/L 400 235/55 R19 101H   J ";4108;4108;TireShop
Bridgestone;"Dueler H/P Sport";"Bridgestone Dueler H/P Sport 225/55 R18 98V P  B ";4148;4148;Newtires
Bridgestone;"Dueler H/T 840";"Bridgestone Dueler H/T 840 255/70 R15 100S   B ";2293;2293;TireShop
Bridgestone;"Ecopia EP100";"Bridgestone Ecopia EP100 175/65 R15 84H   B ";810;810;TireShop
Bridgestone;"Ecopia EP100";"Bridgestone Ecopia EP100 215/55 R17 94V   B ";2060;2060;TireShop
Bridgestone;"Ice Cruiser 7000";"Bridgestone Ice Cruiser 7000 175/70 R13 82T   B ";834;834;TireShop
Bridgestone;"Ice Cruiser 7000";"Bridgestone Ice Cruiser 7000 185/70 R14 88T   B ";954;954;TireShop
Bridgestone;"Potenza RE 002 Adrenalin";"Bridgestone Potenza RE 002 Adrenalin 205/55 R16 91W   B ";1729;2074.8;TireShop
Bridgestone;"Potenza RE 002 Adrenalin";"Bridgestone Potenza RE 002 Adrenalin 225/55 R17 97W   B ";3243;3243;TireShop
Bridgestone;"Potenza RE 002 Adrenalin";"Bridgestone Potenza RE 002 Adrenalin 235/45 R17 94W   B ";2397;2397;TireShop
Bridgestone;"Potenza RE050A";"Bridgestone Potenza RE050A 235/45 R17 97W   B ";1758;1758;TireShop
Bridgestone;"Potenza RE050A";"Bridgestone Potenza RE050A 275/40 R18 99Y   B ";6590;6590;"Z shina"
Bridgestone;"Potenza S001";"Bridgestone Potenza S001 205/55 R16 94W   J ";1646;1975.2;TireShop
Bridgestone;"Sporty Style MY-02";"Bridgestone Sporty Style MY-02 205/55 R16 91V   B ";1483;1779.6;TireShop
Bridgestone;"Sporty Style MY-02";"Bridgestone Sporty Style MY-02 215/55 R17 94V   B ";2928;2928;TireShop
